-- phpMyAdmin SQL Dump
-- version 4.5.1
-- http://www.phpmyadmin.net
--
-- Host: 127.0.0.1
-- Generation Time: Jan 28, 2017 at 04:54 AM
-- Server version: 10.1.8-MariaDB
-- PHP Version: 5.6.14

SET SQL_MODE = "NO_AUTO_VALUE_ON_ZERO";
SET time_zone = "+00:00";


/*!40101 SET @OLD_CHARACTER_SET_CLIENT=@@CHARACTER_SET_CLIENT */;
/*!40101 SET @OLD_CHARACTER_SET_RESULTS=@@CHARACTER_SET_RESULTS */;
/*!40101 SET @OLD_COLLATION_CONNECTION=@@COLLATION_CONNECTION */;
/*!40101 SET NAMES utf8mb4 */;

--
-- Database: `gizi_db`
--

-- --------------------------------------------------------

--
-- Table structure for table `basis_kasus`
--

CREATE TABLE `basis_kasus` (
  `kode_kasus` varchar(5) NOT NULL,
  `usia` int(11) NOT NULL,
  `jk` enum('1','2') NOT NULL,
  `kode_penyakit` varchar(5) NOT NULL,
  `created_at` datetime NOT NULL,
  `updated_at` datetime NOT NULL
) ENGINE=InnoDB DEFAULT CHARSET=latin1;

--
-- Dumping data for table `basis_kasus`
--

INSERT INTO `basis_kasus` (`kode_kasus`, `usia`, `jk`, `kode_penyakit`, `created_at`, `updated_at`) VALUES
('K001', 23, '1', 'P003', '0000-00-00 00:00:00', '2016-08-17 12:06:03'),
('K002', 13, '1', 'P003', '0000-00-00 00:00:00', '2016-08-17 12:06:39'),
('K003', 42, '1', 'P003', '0000-00-00 00:00:00', '2016-08-17 12:07:22'),
('K004', 25, '1', 'P003', '0000-00-00 00:00:00', '2016-08-17 12:08:26'),
('K005', 35, '1', 'P003', '0000-00-00 00:00:00', '2016-08-17 12:08:44'),
('K006', 15, '1', 'P003', '0000-00-00 00:00:00', '2016-08-17 12:09:24'),
('K007', 60, '1', 'P003', '0000-00-00 00:00:00', '2016-08-17 12:09:56'),
('K008', 9, '1', 'P003', '0000-00-00 00:00:00', '2016-08-17 12:10:35'),
('K009', 17, '1', 'P003', '0000-00-00 00:00:00', '2016-08-17 12:10:53'),
('K010', 22, '1', 'P003', '0000-00-00 00:00:00', '2016-08-17 12:11:15'),
('K011', 39, '1', 'P003', '0000-00-00 00:00:00', '2016-08-17 12:11:42'),
('K012', 14, '1', 'P003', '0000-00-00 00:00:00', '2016-08-17 12:11:57'),
('K013', 17, '1', 'P003', '0000-00-00 00:00:00', '2016-08-17 12:12:26'),
('K014', 28, '1', 'P003', '0000-00-00 00:00:00', '2016-08-17 12:12:41'),
('K015', 30, '1', 'P003', '0000-00-00 00:00:00', '2016-08-17 12:13:22'),
('K016', 29, '1', 'P003', '0000-00-00 00:00:00', '2016-08-17 12:13:40'),
('K017', 19, '1', 'P003', '0000-00-00 00:00:00', '2016-08-17 12:14:34'),
('K018', 15, '1', 'P003', '0000-00-00 00:00:00', '2016-08-17 12:15:01'),
('K019', 23, '1', 'P003', '0000-00-00 00:00:00', '2016-08-17 12:15:27'),
('K020', 24, '1', 'P003', '0000-00-00 00:00:00', '2016-08-17 12:17:49'),
('K021', 34, '1', 'P003', '0000-00-00 00:00:00', '2016-08-17 12:20:20'),
('K022', 21, '1', 'P003', '0000-00-00 00:00:00', '2016-08-17 12:20:56'),
('K023', 12, '1', 'P003', '0000-00-00 00:00:00', '2016-08-17 12:21:52'),
('K024', 12, '1', 'P002', '0000-00-00 00:00:00', '2016-08-17 12:22:23'),
('K025', 11, '1', 'P002', '0000-00-00 00:00:00', '2016-08-17 12:22:54'),
('K026', 5, '1', 'P002', '0000-00-00 00:00:00', '2016-08-17 12:23:20'),
('K027', 7, '1', 'P002', '0000-00-00 00:00:00', '2016-08-17 12:23:44'),
('K028', 2, '1', 'P002', '0000-00-00 00:00:00', '2016-08-17 12:24:08'),
('K029', 1, '1', 'P002', '0000-00-00 00:00:00', '2016-08-17 12:24:41'),
('K030', 47, '1', 'P002', '0000-00-00 00:00:00', '2016-08-17 12:26:11'),
('K031', 1, '1', 'P002', '0000-00-00 00:00:00', '2016-08-17 12:26:32'),
('K032', 14, '1', 'P002', '0000-00-00 00:00:00', '2016-08-17 12:27:01'),
('K033', 9, '1', 'P002', '0000-00-00 00:00:00', '2016-08-17 12:29:15'),
('K034', 36, '1', 'P002', '0000-00-00 00:00:00', '2016-08-17 12:29:30'),
('K035', 9, '1', 'P002', '0000-00-00 00:00:00', '2016-08-17 12:29:53'),
('K036', 10, '1', 'P002', '0000-00-00 00:00:00', '2016-08-17 12:30:49'),
('K037', 3, '1', 'P002', '0000-00-00 00:00:00', '2016-08-17 12:31:32'),
('K038', 4, '1', 'P002', '0000-00-00 00:00:00', '2016-08-17 12:31:47'),
('K039', 5, '1', 'P002', '0000-00-00 00:00:00', '2016-08-17 12:32:21'),
('K040', 3, '1', 'P002', '0000-00-00 00:00:00', '2016-08-17 12:32:45'),
('K041', 8, '1', 'P002', '0000-00-00 00:00:00', '2016-08-17 13:21:11'),
('K042', 6, '1', 'P002', '0000-00-00 00:00:00', '2016-08-17 13:21:48'),
('K043', 18, '1', 'P002', '0000-00-00 00:00:00', '2016-08-17 13:22:39'),
('K044', 11, '1', 'P002', '0000-00-00 00:00:00', '2016-08-17 13:23:18'),
('K045', 4, '1', 'P002', '0000-00-00 00:00:00', '2016-08-17 13:23:47'),
('K046', 35, '1', 'P002', '0000-00-00 00:00:00', '2016-08-17 13:24:12'),
('K047', 6, '1', 'P002', '0000-00-00 00:00:00', '2016-08-17 13:24:34'),
('K048', 7, '1', 'P002', '0000-00-00 00:00:00', '2016-08-17 13:25:00'),
('K049', 21, '1', 'P002', '0000-00-00 00:00:00', '2016-08-17 13:25:31'),
('K050', 11, '1', 'P002', '0000-00-00 00:00:00', '2016-08-17 13:26:05'),
('K051', 9, '1', 'P002', '0000-00-00 00:00:00', '2016-08-17 13:26:33'),
('K052', 5, '1', 'P002', '0000-00-00 00:00:00', '2016-08-17 13:38:51'),
('K053', 25, '1', 'P001', '0000-00-00 00:00:00', '2016-08-17 13:27:28'),
('K054', 26, '1', 'P001', '0000-00-00 00:00:00', '2016-08-17 13:28:03'),
('K055', 25, '1', 'P001', '0000-00-00 00:00:00', '2016-08-17 13:28:27'),
('K056', 22, '1', 'P001', '0000-00-00 00:00:00', '2016-08-17 13:28:51'),
('K057', 6, '1', 'P001', '0000-00-00 00:00:00', '2016-08-17 13:38:15'),
('K058', 8, '1', 'P001', '0000-00-00 00:00:00', '2016-08-17 13:29:35'),
('K059', 30, '1', 'P001', '0000-00-00 00:00:00', '2016-08-17 13:30:01'),
('K060', 35, '1', 'P001', '0000-00-00 00:00:00', '2016-08-17 13:30:28'),
('K061', 19, '1', 'P001', '0000-00-00 00:00:00', '2016-08-17 13:31:02'),
('K062', 12, '1', 'P001', '0000-00-00 00:00:00', '2016-08-17 13:31:44'),
('K063', 13, '1', 'P001', '0000-00-00 00:00:00', '2016-08-17 13:32:35'),
('K064', 29, '1', 'P001', '0000-00-00 00:00:00', '2016-08-17 13:33:13'),
('K065', 27, '1', 'P001', '0000-00-00 00:00:00', '2016-08-17 13:33:57'),
('K066', 31, '1', 'P001', '0000-00-00 00:00:00', '2016-08-17 13:34:22'),
('K067', 6, '1', 'P001', '0000-00-00 00:00:00', '2016-08-17 13:35:17'),
('K068', 29, '1', 'P001', '0000-00-00 00:00:00', '2016-08-17 13:35:38'),
('K069', 38, '1', 'P001', '0000-00-00 00:00:00', '2016-08-17 13:36:12'),
('K070', 48, '1', 'P001', '0000-00-00 00:00:00', '2016-08-17 13:36:40');

-- --------------------------------------------------------

--
-- Table structure for table `bobot_gejala`
--

CREATE TABLE `bobot_gejala` (
  `kode_gejala` varchar(5) NOT NULL,
  `kode_penyakit` varchar(5) NOT NULL,
  `bobot` float NOT NULL,
  `created_at` datetime NOT NULL,
  `updated_at` datetime NOT NULL
) ENGINE=InnoDB DEFAULT CHARSET=latin1;

--
-- Dumping data for table `bobot_gejala`
--

INSERT INTO `bobot_gejala` (`kode_gejala`, `kode_penyakit`, `bobot`, `created_at`, `updated_at`) VALUES
('G001', 'P001', 0.7, '2016-08-17 11:37:03', '0000-00-00 00:00:00'),
('G001', 'P002', 0, '2016-08-17 11:37:03', '0000-00-00 00:00:00'),
('G001', 'P003', 0.5, '2016-08-17 11:37:04', '0000-00-00 00:00:00'),
('G002', 'P001', 0.6, '2016-08-17 11:56:08', '0000-00-00 00:00:00'),
('G002', 'P002', 0, '2016-08-17 11:56:08', '0000-00-00 00:00:00'),
('G002', 'P003', 0.5, '2016-08-17 11:56:08', '0000-00-00 00:00:00'),
('G003', 'P001', 0.8, '2016-08-17 11:56:25', '0000-00-00 00:00:00'),
('G003', 'P002', 0, '2016-08-17 11:56:25', '0000-00-00 00:00:00'),
('G003', 'P003', 0.5, '2016-08-17 11:56:25', '0000-00-00 00:00:00'),
('G004', 'P001', 0.7, '2016-08-17 11:56:42', '0000-00-00 00:00:00'),
('G004', 'P002', 0, '2016-08-17 11:56:42', '0000-00-00 00:00:00'),
('G004', 'P003', 0.5, '2016-08-17 11:56:42', '0000-00-00 00:00:00'),
('G005', 'P001', 0.8, '2016-08-17 11:57:08', '0000-00-00 00:00:00'),
('G005', 'P002', 0.1, '2016-08-17 11:57:08', '0000-00-00 00:00:00'),
('G005', 'P003', 0.7, '2016-08-17 11:57:08', '0000-00-00 00:00:00'),
('G006', 'P001', 0.3, '2016-08-17 11:57:30', '0000-00-00 00:00:00'),
('G006', 'P002', 0.1, '2016-08-17 11:57:30', '0000-00-00 00:00:00'),
('G006', 'P003', 0.3, '2016-08-17 11:57:30', '0000-00-00 00:00:00'),
('G007', 'P001', 0.4, '2016-08-17 11:57:45', '0000-00-00 00:00:00'),
('G007', 'P002', 0, '2016-08-17 11:57:45', '0000-00-00 00:00:00'),
('G007', 'P003', 0.4, '2016-08-17 11:57:45', '0000-00-00 00:00:00'),
('G008', 'P001', 0.1, '2016-08-17 11:58:08', '0000-00-00 00:00:00'),
('G008', 'P002', 0.5, '2016-08-17 11:58:08', '0000-00-00 00:00:00'),
('G008', 'P003', 0.5, '2016-08-17 11:58:08', '0000-00-00 00:00:00'),
('G009', 'P001', 0, '2016-08-17 11:58:29', '0000-00-00 00:00:00'),
('G009', 'P002', 0.8, '2016-08-17 11:58:29', '0000-00-00 00:00:00'),
('G009', 'P003', 0.7, '2016-08-17 11:58:29', '0000-00-00 00:00:00'),
('G010', 'P001', 0, '2016-08-17 11:58:48', '0000-00-00 00:00:00'),
('G010', 'P002', 0.7, '2016-08-17 11:58:48', '0000-00-00 00:00:00'),
('G010', 'P003', 0.5, '2016-08-17 11:58:49', '0000-00-00 00:00:00'),
('G011', 'P001', 0, '2016-08-17 11:59:03', '0000-00-00 00:00:00'),
('G011', 'P002', 0.8, '2016-08-17 11:59:03', '0000-00-00 00:00:00'),
('G011', 'P003', 0.5, '2016-08-17 11:59:04', '0000-00-00 00:00:00'),
('G012', 'P001', 0, '2016-08-17 11:59:37', '0000-00-00 00:00:00'),
('G012', 'P002', 0.7, '2016-08-17 11:59:37', '0000-00-00 00:00:00'),
('G012', 'P003', 0.6, '2016-08-17 11:59:37', '0000-00-00 00:00:00'),
('G013', 'P001', 0, '2016-08-17 11:59:56', '0000-00-00 00:00:00'),
('G013', 'P002', 0.7, '2016-08-17 11:59:56', '0000-00-00 00:00:00'),
('G013', 'P003', 0.6, '2016-08-17 11:59:57', '0000-00-00 00:00:00'),
('G014', 'P001', 0.1, '2016-08-17 12:00:22', '0000-00-00 00:00:00'),
('G014', 'P002', 0.3, '2016-08-17 12:00:22', '0000-00-00 00:00:00'),
('G014', 'P003', 0.2, '2016-08-17 12:00:22', '0000-00-00 00:00:00'),
('G015', 'P001', 0, '2016-08-17 12:00:40', '0000-00-00 00:00:00'),
('G015', 'P002', 0.3, '2016-08-17 12:00:40', '0000-00-00 00:00:00'),
('G015', 'P003', 0.3, '2016-08-17 12:00:40', '0000-00-00 00:00:00'),
('G016', 'P001', 0.3, '2016-08-17 12:01:00', '0000-00-00 00:00:00'),
('G016', 'P002', 0.2, '2016-08-17 12:01:00', '0000-00-00 00:00:00'),
('G016', 'P003', 0.3, '2016-08-17 12:01:00', '0000-00-00 00:00:00'),
('G017', 'P001', 0.2, '2016-08-17 12:03:56', '0000-00-00 00:00:00'),
('G017', 'P002', 0.3, '2016-08-17 12:03:56', '0000-00-00 00:00:00'),
('G017', 'P003', 0.3, '2016-08-17 12:03:56', '0000-00-00 00:00:00'),
('G018', 'P001', 0.2, '2016-08-17 12:04:14', '0000-00-00 00:00:00'),
('G018', 'P002', 0.2, '2016-08-17 12:04:14', '0000-00-00 00:00:00'),
('G018', 'P003', 0.2, '2016-08-17 12:04:14', '0000-00-00 00:00:00'),
('G019', 'P001', 1, '2016-08-17 12:04:28', '0000-00-00 00:00:00'),
('G019', 'P002', 0, '2016-08-17 12:04:28', '0000-00-00 00:00:00'),
('G019', 'P003', 1, '2016-08-17 12:04:28', '0000-00-00 00:00:00'),
('G020', 'P001', 1, '2016-08-17 12:04:42', '0000-00-00 00:00:00'),
('G020', 'P002', 0, '2016-08-17 12:04:42', '0000-00-00 00:00:00'),
('G020', 'P003', 0, '2016-08-17 12:04:42', '0000-00-00 00:00:00'),
('G021', 'P001', 0, '2016-08-17 12:04:57', '0000-00-00 00:00:00'),
('G021', 'P002', 1, '2016-08-17 12:04:57', '0000-00-00 00:00:00'),
('G021', 'P003', 1, '2016-08-17 12:04:57', '0000-00-00 00:00:00');

-- --------------------------------------------------------

--
-- Table structure for table `diagnosis`
--

CREATE TABLE `diagnosis` (
  `kode_kasus` varchar(5) NOT NULL,
  `usia` int(11) NOT NULL,
  `jk` enum('1','2') NOT NULL,
  `kode_penyakit` varchar(5) NOT NULL,
  `created_at` datetime NOT NULL,
  `updated_at` datetime NOT NULL
) ENGINE=InnoDB DEFAULT CHARSET=latin1;

--
-- Dumping data for table `diagnosis`
--

INSERT INTO `diagnosis` (`kode_kasus`, `usia`, `jk`, `kode_penyakit`, `created_at`, `updated_at`) VALUES
('K071', 23, '1', '', '2016-11-14 14:17:29', '0000-00-00 00:00:00');

-- --------------------------------------------------------

--
-- Table structure for table `diagnosis_detail`
--

CREATE TABLE `diagnosis_detail` (
  `kode_kasus` varchar(5) NOT NULL,
  `kode_gejala` varchar(5) NOT NULL,
  `created_at` datetime NOT NULL,
  `updated_at` datetime NOT NULL
) ENGINE=InnoDB DEFAULT CHARSET=latin1;

--
-- Dumping data for table `diagnosis_detail`
--

INSERT INTO `diagnosis_detail` (`kode_kasus`, `kode_gejala`, `created_at`, `updated_at`) VALUES
('K071', 'G002', '2016-11-14 14:17:29', '0000-00-00 00:00:00'),
('K071', 'G006', '2016-11-14 14:17:29', '0000-00-00 00:00:00'),
('K071', 'G019', '2016-11-14 14:17:29', '0000-00-00 00:00:00'),
('K071', 'G020', '2016-11-14 14:17:29', '0000-00-00 00:00:00');

-- --------------------------------------------------------

--
-- Table structure for table `gejala`
--

CREATE TABLE `gejala` (
  `kode_gejala` varchar(10) NOT NULL,
  `nama_gejala` varchar(50) NOT NULL,
  `created_at` datetime NOT NULL,
  `updated_at` datetime NOT NULL
) ENGINE=InnoDB DEFAULT CHARSET=latin1;

--
-- Dumping data for table `gejala`
--

INSERT INTO `gejala` (`kode_gejala`, `nama_gejala`, `created_at`, `updated_at`) VALUES
('G001', 'Hepamatogali', '2016-08-17 11:35:53', '0000-00-00 00:00:00'),
('G002', 'Perut Membesar', '2016-08-17 11:43:32', '0000-00-00 00:00:00'),
('G003', 'Wajah membulat dan sembab', '2016-08-17 11:45:14', '0000-00-00 00:00:00'),
('G004', 'Rambut kusam mudah dicabut', '2016-08-17 11:45:34', '0000-00-00 00:00:00'),
('G005', 'Dermatosis', '2016-08-17 11:46:23', '0000-00-00 00:00:00'),
('G006', 'Diare', '2016-08-17 11:47:52', '0000-00-00 00:00:00'),
('G007', 'Mata sayu', '2016-08-17 11:48:13', '0000-00-00 00:00:00'),
('G008', 'Otot mengecil', '2016-08-17 11:48:58', '0000-00-00 00:00:00'),
('G009', 'Iga gambang', '2016-08-17 11:49:12', '0000-00-00 00:00:00'),
('G010', 'Perut cekung', '2016-08-17 11:49:32', '0000-00-00 00:00:00'),
('G011', 'Wajah seperti orang tua', '2016-08-17 11:49:51', '0000-00-00 00:00:00'),
('G012', 'Kulit keriput', '2016-08-17 11:50:05', '0000-00-00 00:00:00'),
('G013', 'Baggy pants', '2016-08-17 11:50:44', '0000-00-00 00:00:00'),
('G014', 'Diare kronik', '2016-08-17 11:51:01', '0000-00-00 00:00:00'),
('G015', 'Kesakitan buang air kecil', '2016-08-17 11:51:40', '0000-00-00 00:00:00'),
('G016', 'Pucat', '2016-08-17 11:52:02', '0000-00-00 00:00:00'),
('G017', 'Lemah', '2016-08-17 11:52:12', '0000-00-00 00:00:00'),
('G018', 'Cengeng/rewel', '2016-08-17 11:52:28', '0000-00-00 00:00:00'),
('G019', 'Edema', '2016-08-17 11:52:42', '0000-00-00 00:00:00'),
('G020', 'Kurus', '2016-08-17 11:54:50', '0000-00-00 00:00:00'),
('G021', 'Sangat kurus', '2016-08-17 11:54:59', '0000-00-00 00:00:00');

-- --------------------------------------------------------

--
-- Table structure for table `inisiasi_klaster`
--

CREATE TABLE `inisiasi_klaster` (
  `id` int(11) NOT NULL,
  `metode` varchar(10) NOT NULL,
  `epsilon` float NOT NULL,
  `min_points` int(11) NOT NULL,
  `jumlah_klaster` int(11) NOT NULL,
  `max_iterasi` int(11) NOT NULL,
  `learning_rate` float NOT NULL,
  `to_learning_rate` float NOT NULL,
  `silhoutte_index` float NOT NULL,
  `created_at` datetime NOT NULL,
  `updated_at` datetime NOT NULL
) ENGINE=InnoDB DEFAULT CHARSET=latin1;

--
-- Dumping data for table `inisiasi_klaster`
--

INSERT INTO `inisiasi_klaster` (`id`, `metode`, `epsilon`, `min_points`, `jumlah_klaster`, `max_iterasi`, `learning_rate`, `to_learning_rate`, `silhoutte_index`, `created_at`, `updated_at`) VALUES
(1, 'dbscan', 1, 3, 0, 0, 0, 0, 0.383144, '0000-00-00 00:00:00', '2017-01-12 07:22:22'),
(2, 'som', 0, 0, 3, 50, 0.1, 0.2, 0.390476, '0000-00-00 00:00:00', '2017-01-12 07:12:28');

-- --------------------------------------------------------

--
-- Table structure for table `kasus_detail`
--

CREATE TABLE `kasus_detail` (
  `kode_kasus` varchar(5) NOT NULL,
  `kode_gejala` varchar(5) NOT NULL,
  `created_at` datetime NOT NULL,
  `updated_at` datetime NOT NULL
) ENGINE=InnoDB DEFAULT CHARSET=latin1;

--
-- Dumping data for table `kasus_detail`
--

INSERT INTO `kasus_detail` (`kode_kasus`, `kode_gejala`, `created_at`, `updated_at`) VALUES
('K001', 'G011', '2016-08-17 12:06:03', '0000-00-00 00:00:00'),
('K001', 'G016', '2016-08-17 12:06:03', '0000-00-00 00:00:00'),
('K001', 'G019', '2016-08-17 12:06:03', '0000-00-00 00:00:00'),
('K001', 'G021', '2016-08-17 12:06:03', '0000-00-00 00:00:00'),
('K002', 'G007', '2016-08-17 12:06:39', '0000-00-00 00:00:00'),
('K002', 'G008', '2016-08-17 12:06:39', '0000-00-00 00:00:00'),
('K002', 'G012', '2016-08-17 12:06:39', '0000-00-00 00:00:00'),
('K002', 'G013', '2016-08-17 12:06:39', '0000-00-00 00:00:00'),
('K002', 'G019', '2016-08-17 12:06:39', '0000-00-00 00:00:00'),
('K002', 'G021', '2016-08-17 12:06:39', '0000-00-00 00:00:00'),
('K003', 'G008', '2016-08-17 12:07:22', '0000-00-00 00:00:00'),
('K003', 'G015', '2016-08-17 12:07:22', '0000-00-00 00:00:00'),
('K003', 'G018', '2016-08-17 12:07:22', '0000-00-00 00:00:00'),
('K003', 'G019', '2016-08-17 12:07:22', '0000-00-00 00:00:00'),
('K003', 'G021', '2016-08-17 12:07:22', '0000-00-00 00:00:00'),
('K004', 'G002', '2016-08-17 12:08:26', '0000-00-00 00:00:00'),
('K004', 'G009', '2016-08-17 12:08:26', '0000-00-00 00:00:00'),
('K004', 'G011', '2016-08-17 12:08:27', '0000-00-00 00:00:00'),
('K004', 'G019', '2016-08-17 12:08:27', '0000-00-00 00:00:00'),
('K004', 'G021', '2016-08-17 12:08:27', '0000-00-00 00:00:00'),
('K005', 'G003', '2016-08-17 12:08:44', '0000-00-00 00:00:00'),
('K005', 'G009', '2016-08-17 12:08:44', '0000-00-00 00:00:00'),
('K005', 'G019', '2016-08-17 12:08:44', '0000-00-00 00:00:00'),
('K005', 'G021', '2016-08-17 12:08:44', '0000-00-00 00:00:00'),
('K006', 'G003', '2016-08-17 12:09:24', '0000-00-00 00:00:00'),
('K006', 'G004', '2016-08-17 12:09:24', '0000-00-00 00:00:00'),
('K006', 'G005', '2016-08-17 12:09:24', '0000-00-00 00:00:00'),
('K006', 'G009', '2016-08-17 12:09:24', '0000-00-00 00:00:00'),
('K006', 'G019', '2016-08-17 12:09:24', '0000-00-00 00:00:00'),
('K006', 'G021', '2016-08-17 12:09:25', '0000-00-00 00:00:00'),
('K007', 'G011', '2016-08-17 12:09:56', '0000-00-00 00:00:00'),
('K007', 'G016', '2016-08-17 12:09:56', '0000-00-00 00:00:00'),
('K007', 'G019', '2016-08-17 12:09:56', '0000-00-00 00:00:00'),
('K007', 'G021', '2016-08-17 12:09:56', '0000-00-00 00:00:00'),
('K008', 'G006', '2016-08-17 12:10:35', '0000-00-00 00:00:00'),
('K008', 'G011', '2016-08-17 12:10:35', '0000-00-00 00:00:00'),
('K008', 'G016', '2016-08-17 12:10:35', '0000-00-00 00:00:00'),
('K008', 'G019', '2016-08-17 12:10:35', '0000-00-00 00:00:00'),
('K008', 'G021', '2016-08-17 12:10:36', '0000-00-00 00:00:00'),
('K009', 'G011', '2016-08-17 12:10:53', '0000-00-00 00:00:00'),
('K009', 'G019', '2016-08-17 12:10:53', '0000-00-00 00:00:00'),
('K009', 'G021', '2016-08-17 12:10:53', '0000-00-00 00:00:00'),
('K010', 'G002', '2016-08-17 12:11:15', '0000-00-00 00:00:00'),
('K010', 'G014', '2016-08-17 12:11:15', '0000-00-00 00:00:00'),
('K010', 'G019', '2016-08-17 12:11:15', '0000-00-00 00:00:00'),
('K010', 'G021', '2016-08-17 12:11:15', '0000-00-00 00:00:00'),
('K011', 'G001', '2016-08-17 12:11:42', '0000-00-00 00:00:00'),
('K011', 'G002', '2016-08-17 12:11:42', '0000-00-00 00:00:00'),
('K011', 'G009', '2016-08-17 12:11:42', '0000-00-00 00:00:00'),
('K011', 'G016', '2016-08-17 12:11:42', '0000-00-00 00:00:00'),
('K011', 'G018', '2016-08-17 12:11:42', '0000-00-00 00:00:00'),
('K011', 'G019', '2016-08-17 12:11:42', '0000-00-00 00:00:00'),
('K011', 'G021', '2016-08-17 12:11:42', '0000-00-00 00:00:00'),
('K012', 'G006', '2016-08-17 12:11:57', '0000-00-00 00:00:00'),
('K012', 'G019', '2016-08-17 12:11:57', '0000-00-00 00:00:00'),
('K012', 'G021', '2016-08-17 12:11:57', '0000-00-00 00:00:00'),
('K013', 'G002', '2016-08-17 12:12:26', '0000-00-00 00:00:00'),
('K013', 'G004', '2016-08-17 12:12:26', '0000-00-00 00:00:00'),
('K013', 'G005', '2016-08-17 12:12:26', '0000-00-00 00:00:00'),
('K013', 'G011', '2016-08-17 12:12:26', '0000-00-00 00:00:00'),
('K013', 'G016', '2016-08-17 12:12:26', '0000-00-00 00:00:00'),
('K013', 'G019', '2016-08-17 12:12:26', '0000-00-00 00:00:00'),
('K013', 'G021', '2016-08-17 12:12:26', '0000-00-00 00:00:00'),
('K014', 'G002', '2016-08-17 12:12:41', '0000-00-00 00:00:00'),
('K014', 'G014', '2016-08-17 12:12:41', '0000-00-00 00:00:00'),
('K014', 'G019', '2016-08-17 12:12:41', '0000-00-00 00:00:00'),
('K014', 'G021', '2016-08-17 12:12:41', '0000-00-00 00:00:00'),
('K015', 'G002', '2016-08-17 12:13:22', '0000-00-00 00:00:00'),
('K015', 'G014', '2016-08-17 12:13:22', '0000-00-00 00:00:00'),
('K015', 'G016', '2016-08-17 12:13:22', '0000-00-00 00:00:00'),
('K015', 'G019', '2016-08-17 12:13:22', '0000-00-00 00:00:00'),
('K015', 'G021', '2016-08-17 12:13:22', '0000-00-00 00:00:00'),
('K016', 'G013', '2016-08-17 12:13:40', '0000-00-00 00:00:00'),
('K016', 'G019', '2016-08-17 12:13:40', '0000-00-00 00:00:00'),
('K016', 'G021', '2016-08-17 12:13:40', '0000-00-00 00:00:00'),
('K017', 'G001', '2016-08-17 12:14:34', '0000-00-00 00:00:00'),
('K017', 'G011', '2016-08-17 12:14:34', '0000-00-00 00:00:00'),
('K017', 'G013', '2016-08-17 12:14:34', '0000-00-00 00:00:00'),
('K017', 'G019', '2016-08-17 12:14:34', '0000-00-00 00:00:00'),
('K017', 'G021', '2016-08-17 12:14:34', '0000-00-00 00:00:00'),
('K018', 'G001', '2016-08-17 12:15:01', '0000-00-00 00:00:00'),
('K018', 'G011', '2016-08-17 12:15:01', '0000-00-00 00:00:00'),
('K018', 'G013', '2016-08-17 12:15:01', '0000-00-00 00:00:00'),
('K018', 'G014', '2016-08-17 12:15:01', '0000-00-00 00:00:00'),
('K018', 'G017', '2016-08-17 12:15:01', '0000-00-00 00:00:00'),
('K018', 'G019', '2016-08-17 12:15:01', '0000-00-00 00:00:00'),
('K018', 'G021', '2016-08-17 12:15:01', '0000-00-00 00:00:00'),
('K019', 'G002', '2016-08-17 12:15:27', '0000-00-00 00:00:00'),
('K019', 'G017', '2016-08-17 12:15:27', '0000-00-00 00:00:00'),
('K019', 'G019', '2016-08-17 12:15:27', '0000-00-00 00:00:00'),
('K019', 'G021', '2016-08-17 12:15:27', '0000-00-00 00:00:00'),
('K020', 'G002', '2016-08-17 12:17:49', '0000-00-00 00:00:00'),
('K020', 'G014', '2016-08-17 12:17:49', '0000-00-00 00:00:00'),
('K020', 'G017', '2016-08-17 12:17:49', '0000-00-00 00:00:00'),
('K020', 'G019', '2016-08-17 12:17:49', '0000-00-00 00:00:00'),
('K020', 'G021', '2016-08-17 12:17:49', '0000-00-00 00:00:00'),
('K021', 'G004', '2016-08-17 12:20:20', '0000-00-00 00:00:00'),
('K021', 'G013', '2016-08-17 12:20:20', '0000-00-00 00:00:00'),
('K021', 'G019', '2016-08-17 12:20:20', '0000-00-00 00:00:00'),
('K021', 'G021', '2016-08-17 12:20:20', '0000-00-00 00:00:00'),
('K022', 'G004', '2016-08-17 12:20:56', '0000-00-00 00:00:00'),
('K022', 'G013', '2016-08-17 12:20:56', '0000-00-00 00:00:00'),
('K022', 'G019', '2016-08-17 12:20:56', '0000-00-00 00:00:00'),
('K022', 'G021', '2016-08-17 12:20:56', '0000-00-00 00:00:00'),
('K023', 'G016', '2016-08-17 12:21:52', '0000-00-00 00:00:00'),
('K023', 'G019', '2016-08-17 12:21:52', '0000-00-00 00:00:00'),
('K023', 'G021', '2016-08-17 12:21:52', '0000-00-00 00:00:00'),
('K024', 'G009', '2016-08-17 12:22:23', '0000-00-00 00:00:00'),
('K024', 'G013', '2016-08-17 12:22:23', '0000-00-00 00:00:00'),
('K024', 'G021', '2016-08-17 12:22:23', '0000-00-00 00:00:00'),
('K025', 'G009', '2016-08-17 12:22:55', '0000-00-00 00:00:00'),
('K025', 'G010', '2016-08-17 12:22:55', '0000-00-00 00:00:00'),
('K025', 'G011', '2016-08-17 12:22:55', '0000-00-00 00:00:00'),
('K025', 'G012', '2016-08-17 12:22:55', '0000-00-00 00:00:00'),
('K025', 'G013', '2016-08-17 12:22:55', '0000-00-00 00:00:00'),
('K025', 'G017', '2016-08-17 12:22:55', '0000-00-00 00:00:00'),
('K025', 'G018', '2016-08-17 12:22:55', '0000-00-00 00:00:00'),
('K025', 'G021', '2016-08-17 12:22:55', '0000-00-00 00:00:00'),
('K026', 'G016', '2016-08-17 12:23:20', '0000-00-00 00:00:00'),
('K026', 'G021', '2016-08-17 12:23:20', '0000-00-00 00:00:00'),
('K027', 'G014', '2016-08-17 12:23:44', '0000-00-00 00:00:00'),
('K027', 'G018', '2016-08-17 12:23:44', '0000-00-00 00:00:00'),
('K027', 'G021', '2016-08-17 12:23:44', '0000-00-00 00:00:00'),
('K028', 'G013', '2016-08-17 12:24:09', '0000-00-00 00:00:00'),
('K028', 'G017', '2016-08-17 12:24:09', '0000-00-00 00:00:00'),
('K028', 'G018', '2016-08-17 12:24:09', '0000-00-00 00:00:00'),
('K028', 'G021', '2016-08-17 12:24:09', '0000-00-00 00:00:00'),
('K029', 'G013', '2016-08-17 12:24:41', '0000-00-00 00:00:00'),
('K029', 'G021', '2016-08-17 12:24:41', '0000-00-00 00:00:00'),
('K030', 'G009', '2016-08-17 12:26:11', '0000-00-00 00:00:00'),
('K030', 'G021', '2016-08-17 12:26:11', '0000-00-00 00:00:00'),
('K031', 'G014', '2016-08-17 12:26:32', '0000-00-00 00:00:00'),
('K031', 'G017', '2016-08-17 12:26:32', '0000-00-00 00:00:00'),
('K031', 'G021', '2016-08-17 12:26:33', '0000-00-00 00:00:00'),
('K032', 'G014', '2016-08-17 12:27:01', '0000-00-00 00:00:00'),
('K032', 'G018', '2016-08-17 12:27:01', '0000-00-00 00:00:00'),
('K032', 'G021', '2016-08-17 12:27:01', '0000-00-00 00:00:00'),
('K033', 'G014', '2016-08-17 12:29:15', '0000-00-00 00:00:00'),
('K033', 'G021', '2016-08-17 12:29:15', '0000-00-00 00:00:00'),
('K034', 'G011', '2016-08-17 12:29:30', '0000-00-00 00:00:00'),
('K034', 'G021', '2016-08-17 12:29:30', '0000-00-00 00:00:00'),
('K035', 'G013', '2016-08-17 12:29:53', '0000-00-00 00:00:00'),
('K035', 'G017', '2016-08-17 12:29:54', '0000-00-00 00:00:00'),
('K035', 'G021', '2016-08-17 12:29:54', '0000-00-00 00:00:00'),
('K036', 'G012', '2016-08-17 12:30:49', '0000-00-00 00:00:00'),
('K036', 'G013', '2016-08-17 12:30:49', '0000-00-00 00:00:00'),
('K036', 'G017', '2016-08-17 12:30:50', '0000-00-00 00:00:00'),
('K036', 'G021', '2016-08-17 12:30:50', '0000-00-00 00:00:00'),
('K037', 'G011', '2016-08-17 12:31:32', '0000-00-00 00:00:00'),
('K037', 'G013', '2016-08-17 12:31:32', '0000-00-00 00:00:00'),
('K037', 'G021', '2016-08-17 12:31:32', '0000-00-00 00:00:00'),
('K038', 'G001', '2016-08-17 12:31:47', '0000-00-00 00:00:00'),
('K038', 'G011', '2016-08-17 12:31:47', '0000-00-00 00:00:00'),
('K038', 'G013', '2016-08-17 12:31:47', '0000-00-00 00:00:00'),
('K038', 'G021', '2016-08-17 12:31:47', '0000-00-00 00:00:00'),
('K039', 'G001', '2016-08-17 12:32:21', '0000-00-00 00:00:00'),
('K039', 'G011', '2016-08-17 12:32:21', '0000-00-00 00:00:00'),
('K039', 'G013', '2016-08-17 12:32:21', '0000-00-00 00:00:00'),
('K039', 'G014', '2016-08-17 12:32:21', '0000-00-00 00:00:00'),
('K039', 'G017', '2016-08-17 12:32:21', '0000-00-00 00:00:00'),
('K039', 'G021', '2016-08-17 12:32:21', '0000-00-00 00:00:00'),
('K040', 'G014', '2016-08-17 12:32:45', '0000-00-00 00:00:00'),
('K040', 'G015', '2016-08-17 12:32:45', '0000-00-00 00:00:00'),
('K040', 'G017', '2016-08-17 12:32:45', '0000-00-00 00:00:00'),
('K040', 'G018', '2016-08-17 12:32:45', '0000-00-00 00:00:00'),
('K040', 'G021', '2016-08-17 12:32:45', '0000-00-00 00:00:00'),
('K041', 'G002', '2016-08-17 13:21:11', '0000-00-00 00:00:00'),
('K041', 'G013', '2016-08-17 13:21:11', '0000-00-00 00:00:00'),
('K041', 'G015', '2016-08-17 13:21:11', '0000-00-00 00:00:00'),
('K041', 'G017', '2016-08-17 13:21:11', '0000-00-00 00:00:00'),
('K041', 'G021', '2016-08-17 13:21:11', '0000-00-00 00:00:00'),
('K042', 'G009', '2016-08-17 13:21:48', '0000-00-00 00:00:00'),
('K042', 'G013', '2016-08-17 13:21:48', '0000-00-00 00:00:00'),
('K042', 'G014', '2016-08-17 13:21:49', '0000-00-00 00:00:00'),
('K042', 'G018', '2016-08-17 13:21:49', '0000-00-00 00:00:00'),
('K042', 'G021', '2016-08-17 13:21:49', '0000-00-00 00:00:00'),
('K043', 'G001', '2016-08-17 13:22:39', '0000-00-00 00:00:00'),
('K043', 'G004', '2016-08-17 13:22:39', '0000-00-00 00:00:00'),
('K043', 'G005', '2016-08-17 13:22:39', '0000-00-00 00:00:00'),
('K043', 'G011', '2016-08-17 13:22:39', '0000-00-00 00:00:00'),
('K043', 'G013', '2016-08-17 13:22:39', '0000-00-00 00:00:00'),
('K043', 'G018', '2016-08-17 13:22:39', '0000-00-00 00:00:00'),
('K043', 'G021', '2016-08-17 13:22:40', '0000-00-00 00:00:00'),
('K044', 'G001', '2016-08-17 13:23:18', '0000-00-00 00:00:00'),
('K044', 'G009', '2016-08-17 13:23:18', '0000-00-00 00:00:00'),
('K044', 'G014', '2016-08-17 13:23:18', '0000-00-00 00:00:00'),
('K044', 'G016', '2016-08-17 13:23:18', '0000-00-00 00:00:00'),
('K044', 'G017', '2016-08-17 13:23:18', '0000-00-00 00:00:00'),
('K044', 'G021', '2016-08-17 13:23:18', '0000-00-00 00:00:00'),
('K045', 'G013', '2016-08-17 13:23:47', '0000-00-00 00:00:00'),
('K045', 'G017', '2016-08-17 13:23:47', '0000-00-00 00:00:00'),
('K045', 'G021', '2016-08-17 13:23:47', '0000-00-00 00:00:00'),
('K046', 'G013', '2016-08-17 13:24:12', '0000-00-00 00:00:00'),
('K046', 'G014', '2016-08-17 13:24:12', '0000-00-00 00:00:00'),
('K046', 'G021', '2016-08-17 13:24:12', '0000-00-00 00:00:00'),
('K047', 'G008', '2016-08-17 13:24:34', '0000-00-00 00:00:00'),
('K047', 'G013', '2016-08-17 13:24:34', '0000-00-00 00:00:00'),
('K047', 'G015', '2016-08-17 13:24:34', '0000-00-00 00:00:00'),
('K047', 'G021', '2016-08-17 13:24:34', '0000-00-00 00:00:00'),
('K048', 'G008', '2016-08-17 13:25:00', '0000-00-00 00:00:00'),
('K048', 'G013', '2016-08-17 13:25:00', '0000-00-00 00:00:00'),
('K048', 'G015', '2016-08-17 13:25:00', '0000-00-00 00:00:00'),
('K048', 'G017', '2016-08-17 13:25:00', '0000-00-00 00:00:00'),
('K048', 'G021', '2016-08-17 13:25:00', '0000-00-00 00:00:00'),
('K049', 'G014', '2016-08-17 13:25:31', '0000-00-00 00:00:00'),
('K049', 'G017', '2016-08-17 13:25:31', '0000-00-00 00:00:00'),
('K049', 'G018', '2016-08-17 13:25:32', '0000-00-00 00:00:00'),
('K049', 'G021', '2016-08-17 13:25:32', '0000-00-00 00:00:00'),
('K050', 'G013', '2016-08-17 13:26:05', '0000-00-00 00:00:00'),
('K050', 'G016', '2016-08-17 13:26:05', '0000-00-00 00:00:00'),
('K050', 'G021', '2016-08-17 13:26:05', '0000-00-00 00:00:00'),
('K051', 'G004', '2016-08-17 13:26:33', '0000-00-00 00:00:00'),
('K051', 'G013', '2016-08-17 13:26:33', '0000-00-00 00:00:00'),
('K051', 'G021', '2016-08-17 13:26:33', '0000-00-00 00:00:00'),
('K052', 'G008', '2016-08-17 13:38:51', '0000-00-00 00:00:00'),
('K052', 'G013', '2016-08-17 13:38:51', '0000-00-00 00:00:00'),
('K052', 'G021', '2016-08-17 13:38:51', '0000-00-00 00:00:00'),
('K053', 'G001', '2016-08-17 13:27:28', '0000-00-00 00:00:00'),
('K053', 'G002', '2016-08-17 13:27:28', '0000-00-00 00:00:00'),
('K053', 'G006', '2016-08-17 13:27:28', '0000-00-00 00:00:00'),
('K053', 'G016', '2016-08-17 13:27:28', '0000-00-00 00:00:00'),
('K053', 'G019', '2016-08-17 13:27:28', '0000-00-00 00:00:00'),
('K053', 'G020', '2016-08-17 13:27:28', '0000-00-00 00:00:00'),
('K054', 'G001', '2016-08-17 13:28:03', '0000-00-00 00:00:00'),
('K054', 'G007', '2016-08-17 13:28:03', '0000-00-00 00:00:00'),
('K054', 'G019', '2016-08-17 13:28:03', '0000-00-00 00:00:00'),
('K054', 'G020', '2016-08-17 13:28:03', '0000-00-00 00:00:00'),
('K055', 'G016', '2016-08-17 13:28:27', '0000-00-00 00:00:00'),
('K055', 'G019', '2016-08-17 13:28:27', '0000-00-00 00:00:00'),
('K055', 'G020', '2016-08-17 13:28:27', '0000-00-00 00:00:00'),
('K056', 'G006', '2016-08-17 13:28:51', '0000-00-00 00:00:00'),
('K056', 'G016', '2016-08-17 13:28:51', '0000-00-00 00:00:00'),
('K056', 'G020', '2016-08-17 13:28:52', '0000-00-00 00:00:00'),
('K057', 'G002', '2016-08-17 13:38:15', '0000-00-00 00:00:00'),
('K057', 'G005', '2016-08-17 13:38:15', '0000-00-00 00:00:00'),
('K057', 'G016', '2016-08-17 13:38:16', '0000-00-00 00:00:00'),
('K057', 'G019', '2016-08-17 13:38:16', '0000-00-00 00:00:00'),
('K057', 'G020', '2016-08-17 13:38:16', '0000-00-00 00:00:00'),
('K058', 'G003', '2016-08-17 13:29:35', '0000-00-00 00:00:00'),
('K058', 'G019', '2016-08-17 13:29:35', '0000-00-00 00:00:00'),
('K058', 'G020', '2016-08-17 13:29:35', '0000-00-00 00:00:00'),
('K059', 'G003', '2016-08-17 13:30:01', '0000-00-00 00:00:00'),
('K059', 'G005', '2016-08-17 13:30:01', '0000-00-00 00:00:00'),
('K059', 'G019', '2016-08-17 13:30:01', '0000-00-00 00:00:00'),
('K059', 'G020', '2016-08-17 13:30:01', '0000-00-00 00:00:00'),
('K060', 'G001', '2016-08-17 13:30:28', '0000-00-00 00:00:00'),
('K060', 'G004', '2016-08-17 13:30:28', '0000-00-00 00:00:00'),
('K060', 'G005', '2016-08-17 13:30:28', '0000-00-00 00:00:00'),
('K060', 'G018', '2016-08-17 13:30:28', '0000-00-00 00:00:00'),
('K060', 'G019', '2016-08-17 13:30:28', '0000-00-00 00:00:00'),
('K060', 'G020', '2016-08-17 13:30:28', '0000-00-00 00:00:00'),
('K061', 'G001', '2016-08-17 13:31:02', '0000-00-00 00:00:00'),
('K061', 'G004', '2016-08-17 13:31:02', '0000-00-00 00:00:00'),
('K061', 'G005', '2016-08-17 13:31:02', '0000-00-00 00:00:00'),
('K061', 'G006', '2016-08-17 13:31:02', '0000-00-00 00:00:00'),
('K061', 'G018', '2016-08-17 13:31:02', '0000-00-00 00:00:00'),
('K061', 'G019', '2016-08-17 13:31:02', '0000-00-00 00:00:00'),
('K061', 'G020', '2016-08-17 13:31:02', '0000-00-00 00:00:00'),
('K062', 'G004', '2016-08-17 13:31:44', '0000-00-00 00:00:00'),
('K062', 'G005', '2016-08-17 13:31:44', '0000-00-00 00:00:00'),
('K062', 'G019', '2016-08-17 13:31:44', '0000-00-00 00:00:00'),
('K062', 'G020', '2016-08-17 13:31:44', '0000-00-00 00:00:00'),
('K063', 'G004', '2016-08-17 13:32:35', '0000-00-00 00:00:00'),
('K063', 'G005', '2016-08-17 13:32:35', '0000-00-00 00:00:00'),
('K063', 'G018', '2016-08-17 13:32:35', '0000-00-00 00:00:00'),
('K063', 'G019', '2016-08-17 13:32:35', '0000-00-00 00:00:00'),
('K063', 'G020', '2016-08-17 13:32:35', '0000-00-00 00:00:00'),
('K064', 'G018', '2016-08-17 13:33:13', '0000-00-00 00:00:00'),
('K064', 'G019', '2016-08-17 13:33:13', '0000-00-00 00:00:00'),
('K064', 'G020', '2016-08-17 13:33:14', '0000-00-00 00:00:00'),
('K065', 'G016', '2016-08-17 13:33:57', '0000-00-00 00:00:00'),
('K065', 'G018', '2016-08-17 13:33:57', '0000-00-00 00:00:00'),
('K065', 'G019', '2016-08-17 13:33:57', '0000-00-00 00:00:00'),
('K065', 'G020', '2016-08-17 13:33:57', '0000-00-00 00:00:00'),
('K066', 'G018', '2016-08-17 13:34:22', '0000-00-00 00:00:00'),
('K066', 'G019', '2016-08-17 13:34:22', '0000-00-00 00:00:00'),
('K066', 'G020', '2016-08-17 13:34:23', '0000-00-00 00:00:00'),
('K067', 'G001', '2016-08-17 13:35:17', '0000-00-00 00:00:00'),
('K067', 'G019', '2016-08-17 13:35:17', '0000-00-00 00:00:00'),
('K067', 'G020', '2016-08-17 13:35:17', '0000-00-00 00:00:00'),
('K068', 'G001', '2016-08-17 13:35:38', '0000-00-00 00:00:00'),
('K068', 'G018', '2016-08-17 13:35:38', '0000-00-00 00:00:00'),
('K068', 'G019', '2016-08-17 13:35:38', '0000-00-00 00:00:00'),
('K068', 'G020', '2016-08-17 13:35:38', '0000-00-00 00:00:00'),
('K069', 'G001', '2016-08-17 13:36:12', '0000-00-00 00:00:00'),
('K069', 'G017', '2016-08-17 13:36:12', '0000-00-00 00:00:00'),
('K069', 'G019', '2016-08-17 13:36:12', '0000-00-00 00:00:00'),
('K069', 'G020', '2016-08-17 13:36:12', '0000-00-00 00:00:00'),
('K070', 'G001', '2016-08-17 13:36:40', '0000-00-00 00:00:00'),
('K070', 'G019', '2016-08-17 13:36:40', '0000-00-00 00:00:00'),
('K070', 'G020', '2016-08-17 13:36:40', '0000-00-00 00:00:00');

-- --------------------------------------------------------

--
-- Table structure for table `klaster`
--

CREATE TABLE `klaster` (
  `kode_kasus` varchar(5) NOT NULL,
  `klaster` int(11) NOT NULL,
  `metode` varchar(10) NOT NULL,
  `created_at` datetime NOT NULL,
  `updated_at` datetime NOT NULL
) ENGINE=InnoDB DEFAULT CHARSET=latin1;

--
-- Dumping data for table `klaster`
--

INSERT INTO `klaster` (`kode_kasus`, `klaster`, `metode`, `created_at`, `updated_at`) VALUES
('K001', 1, 'dbscan', '2017-01-12 07:22:14', '0000-00-00 00:00:00'),
('K001', 2, 'som', '2017-01-12 07:12:23', '0000-00-00 00:00:00'),
('K002', 1, 'dbscan', '2017-01-12 07:22:14', '0000-00-00 00:00:00'),
('K002', 2, 'som', '2017-01-12 07:12:23', '0000-00-00 00:00:00'),
('K003', 1, 'dbscan', '2017-01-12 07:22:14', '0000-00-00 00:00:00'),
('K003', 2, 'som', '2017-01-12 07:12:23', '0000-00-00 00:00:00'),
('K004', 1, 'dbscan', '2017-01-12 07:22:14', '0000-00-00 00:00:00'),
('K004', 2, 'som', '2017-01-12 07:12:23', '0000-00-00 00:00:00'),
('K005', 1, 'dbscan', '2017-01-12 07:22:14', '0000-00-00 00:00:00'),
('K005', 2, 'som', '2017-01-12 07:12:23', '0000-00-00 00:00:00'),
('K006', 1, 'dbscan', '2017-01-12 07:22:15', '0000-00-00 00:00:00'),
('K006', 2, 'som', '2017-01-12 07:12:23', '0000-00-00 00:00:00'),
('K007', 1, 'dbscan', '2017-01-12 07:22:15', '0000-00-00 00:00:00'),
('K007', 2, 'som', '2017-01-12 07:12:23', '0000-00-00 00:00:00'),
('K008', 1, 'dbscan', '2017-01-12 07:22:15', '0000-00-00 00:00:00'),
('K008', 2, 'som', '2017-01-12 07:12:23', '0000-00-00 00:00:00'),
('K009', 1, 'dbscan', '2017-01-12 07:22:15', '0000-00-00 00:00:00'),
('K009', 2, 'som', '2017-01-12 07:12:23', '0000-00-00 00:00:00'),
('K010', 1, 'dbscan', '2017-01-12 07:22:15', '0000-00-00 00:00:00'),
('K010', 2, 'som', '2017-01-12 07:12:23', '0000-00-00 00:00:00'),
('K011', 1, 'dbscan', '2017-01-12 07:22:15', '0000-00-00 00:00:00'),
('K011', 2, 'som', '2017-01-12 07:12:23', '0000-00-00 00:00:00'),
('K012', 1, 'dbscan', '2017-01-12 07:22:15', '0000-00-00 00:00:00'),
('K012', 2, 'som', '2017-01-12 07:12:23', '0000-00-00 00:00:00'),
('K013', 1, 'dbscan', '2017-01-12 07:22:15', '0000-00-00 00:00:00'),
('K013', 2, 'som', '2017-01-12 07:12:24', '0000-00-00 00:00:00'),
('K014', 1, 'dbscan', '2017-01-12 07:22:15', '0000-00-00 00:00:00'),
('K014', 2, 'som', '2017-01-12 07:12:24', '0000-00-00 00:00:00'),
('K015', 1, 'dbscan', '2017-01-12 07:22:15', '0000-00-00 00:00:00'),
('K015', 2, 'som', '2017-01-12 07:12:24', '0000-00-00 00:00:00'),
('K016', 1, 'dbscan', '2017-01-12 07:22:15', '0000-00-00 00:00:00'),
('K016', 2, 'som', '2017-01-12 07:12:24', '0000-00-00 00:00:00'),
('K017', 1, 'dbscan', '2017-01-12 07:22:15', '0000-00-00 00:00:00'),
('K017', 2, 'som', '2017-01-12 07:12:24', '0000-00-00 00:00:00'),
('K018', 1, 'dbscan', '2017-01-12 07:22:15', '0000-00-00 00:00:00'),
('K018', 2, 'som', '2017-01-12 07:12:24', '0000-00-00 00:00:00'),
('K019', 1, 'dbscan', '2017-01-12 07:22:15', '0000-00-00 00:00:00'),
('K019', 2, 'som', '2017-01-12 07:12:24', '0000-00-00 00:00:00'),
('K020', 1, 'dbscan', '2017-01-12 07:22:15', '0000-00-00 00:00:00'),
('K020', 2, 'som', '2017-01-12 07:12:24', '0000-00-00 00:00:00'),
('K021', 1, 'dbscan', '2017-01-12 07:22:15', '0000-00-00 00:00:00'),
('K021', 2, 'som', '2017-01-12 07:12:24', '0000-00-00 00:00:00'),
('K022', 1, 'dbscan', '2017-01-12 07:22:15', '0000-00-00 00:00:00'),
('K022', 2, 'som', '2017-01-12 07:12:24', '0000-00-00 00:00:00'),
('K023', 1, 'dbscan', '2017-01-12 07:22:15', '0000-00-00 00:00:00'),
('K023', 2, 'som', '2017-01-12 07:12:24', '0000-00-00 00:00:00'),
('K024', 1, 'som', '2017-01-12 07:12:19', '0000-00-00 00:00:00'),
('K024', 2, 'dbscan', '2017-01-12 07:22:16', '0000-00-00 00:00:00'),
('K025', 0, 'dbscan', '2017-01-12 07:22:21', '0000-00-00 00:00:00'),
('K025', 1, 'som', '2017-01-12 07:12:19', '0000-00-00 00:00:00'),
('K026', 1, 'som', '2017-01-12 07:12:19', '0000-00-00 00:00:00'),
('K026', 2, 'dbscan', '2017-01-12 07:22:16', '0000-00-00 00:00:00'),
('K027', 1, 'som', '2017-01-12 07:12:19', '0000-00-00 00:00:00'),
('K027', 2, 'dbscan', '2017-01-12 07:22:17', '0000-00-00 00:00:00'),
('K028', 1, 'som', '2017-01-12 07:12:19', '0000-00-00 00:00:00'),
('K028', 2, 'dbscan', '2017-01-12 07:22:17', '0000-00-00 00:00:00'),
('K029', 1, 'som', '2017-01-12 07:12:20', '0000-00-00 00:00:00'),
('K029', 2, 'dbscan', '2017-01-12 07:22:17', '0000-00-00 00:00:00'),
('K030', 1, 'som', '2017-01-12 07:12:20', '0000-00-00 00:00:00'),
('K030', 2, 'dbscan', '2017-01-12 07:22:17', '0000-00-00 00:00:00'),
('K031', 1, 'som', '2017-01-12 07:12:20', '0000-00-00 00:00:00'),
('K031', 2, 'dbscan', '2017-01-12 07:22:17', '0000-00-00 00:00:00'),
('K032', 1, 'som', '2017-01-12 07:12:20', '0000-00-00 00:00:00'),
('K032', 2, 'dbscan', '2017-01-12 07:22:17', '0000-00-00 00:00:00'),
('K033', 1, 'som', '2017-01-12 07:12:20', '0000-00-00 00:00:00'),
('K033', 2, 'dbscan', '2017-01-12 07:22:17', '0000-00-00 00:00:00'),
('K034', 1, 'som', '2017-01-12 07:12:20', '0000-00-00 00:00:00'),
('K034', 2, 'dbscan', '2017-01-12 07:22:17', '0000-00-00 00:00:00'),
('K035', 1, 'som', '2017-01-12 07:12:20', '0000-00-00 00:00:00'),
('K035', 2, 'dbscan', '2017-01-12 07:22:17', '0000-00-00 00:00:00'),
('K036', 1, 'som', '2017-01-12 07:12:20', '0000-00-00 00:00:00'),
('K036', 2, 'dbscan', '2017-01-12 07:22:17', '0000-00-00 00:00:00'),
('K037', 1, 'som', '2017-01-12 07:12:20', '0000-00-00 00:00:00'),
('K037', 2, 'dbscan', '2017-01-12 07:22:17', '0000-00-00 00:00:00'),
('K038', 1, 'som', '2017-01-12 07:12:20', '0000-00-00 00:00:00'),
('K038', 2, 'dbscan', '2017-01-12 07:22:17', '0000-00-00 00:00:00'),
('K039', 1, 'som', '2017-01-12 07:12:20', '0000-00-00 00:00:00'),
('K039', 2, 'dbscan', '2017-01-12 07:22:17', '0000-00-00 00:00:00'),
('K040', 1, 'som', '2017-01-12 07:12:20', '0000-00-00 00:00:00'),
('K040', 2, 'dbscan', '2017-01-12 07:22:17', '0000-00-00 00:00:00'),
('K041', 1, 'som', '2017-01-12 07:12:20', '0000-00-00 00:00:00'),
('K041', 2, 'dbscan', '2017-01-12 07:22:17', '0000-00-00 00:00:00'),
('K042', 1, 'som', '2017-01-12 07:12:21', '0000-00-00 00:00:00'),
('K042', 2, 'dbscan', '2017-01-12 07:22:17', '0000-00-00 00:00:00'),
('K043', 1, 'som', '2017-01-12 07:12:21', '0000-00-00 00:00:00'),
('K043', 2, 'dbscan', '2017-01-12 07:22:17', '0000-00-00 00:00:00'),
('K044', 1, 'som', '2017-01-12 07:12:21', '0000-00-00 00:00:00'),
('K044', 2, 'dbscan', '2017-01-12 07:22:17', '0000-00-00 00:00:00'),
('K045', 1, 'som', '2017-01-12 07:12:21', '0000-00-00 00:00:00'),
('K045', 2, 'dbscan', '2017-01-12 07:22:17', '0000-00-00 00:00:00'),
('K046', 1, 'som', '2017-01-12 07:12:21', '0000-00-00 00:00:00'),
('K046', 2, 'dbscan', '2017-01-12 07:22:17', '0000-00-00 00:00:00'),
('K047', 1, 'som', '2017-01-12 07:12:21', '0000-00-00 00:00:00'),
('K047', 2, 'dbscan', '2017-01-12 07:22:17', '0000-00-00 00:00:00'),
('K048', 1, 'som', '2017-01-12 07:12:21', '0000-00-00 00:00:00'),
('K048', 2, 'dbscan', '2017-01-12 07:22:17', '0000-00-00 00:00:00'),
('K049', 1, 'som', '2017-01-12 07:12:21', '0000-00-00 00:00:00'),
('K049', 2, 'dbscan', '2017-01-12 07:22:17', '0000-00-00 00:00:00'),
('K050', 1, 'som', '2017-01-12 07:12:21', '0000-00-00 00:00:00'),
('K050', 2, 'dbscan', '2017-01-12 07:22:17', '0000-00-00 00:00:00'),
('K051', 1, 'som', '2017-01-12 07:12:21', '0000-00-00 00:00:00'),
('K051', 2, 'dbscan', '2017-01-12 07:22:17', '0000-00-00 00:00:00'),
('K052', 1, 'som', '2017-01-12 07:12:21', '0000-00-00 00:00:00'),
('K052', 2, 'dbscan', '2017-01-12 07:22:18', '0000-00-00 00:00:00'),
('K053', 3, 'dbscan', '2017-01-12 07:22:19', '0000-00-00 00:00:00'),
('K053', 3, 'som', '2017-01-12 07:12:26', '0000-00-00 00:00:00'),
('K054', 3, 'dbscan', '2017-01-12 07:22:19', '0000-00-00 00:00:00'),
('K054', 3, 'som', '2017-01-12 07:12:26', '0000-00-00 00:00:00'),
('K055', 3, 'dbscan', '2017-01-12 07:22:19', '0000-00-00 00:00:00'),
('K055', 3, 'som', '2017-01-12 07:12:26', '0000-00-00 00:00:00'),
('K056', 0, 'dbscan', '2017-01-12 07:22:21', '0000-00-00 00:00:00'),
('K056', 3, 'som', '2017-01-12 07:12:26', '0000-00-00 00:00:00'),
('K057', 3, 'som', '2017-01-12 07:12:26', '0000-00-00 00:00:00'),
('K057', 4, 'dbscan', '2017-01-12 07:22:20', '0000-00-00 00:00:00'),
('K058', 3, 'dbscan', '2017-01-12 07:22:19', '0000-00-00 00:00:00'),
('K058', 3, 'som', '2017-01-12 07:12:26', '0000-00-00 00:00:00'),
('K059', 3, 'dbscan', '2017-01-12 07:22:19', '0000-00-00 00:00:00'),
('K059', 3, 'som', '2017-01-12 07:12:26', '0000-00-00 00:00:00'),
('K060', 3, 'som', '2017-01-12 07:12:26', '0000-00-00 00:00:00'),
('K060', 4, 'dbscan', '2017-01-12 07:22:20', '0000-00-00 00:00:00'),
('K061', 3, 'som', '2017-01-12 07:12:26', '0000-00-00 00:00:00'),
('K061', 4, 'dbscan', '2017-01-12 07:22:20', '0000-00-00 00:00:00'),
('K062', 3, 'som', '2017-01-12 07:12:26', '0000-00-00 00:00:00'),
('K062', 4, 'dbscan', '2017-01-12 07:22:20', '0000-00-00 00:00:00'),
('K063', 3, 'som', '2017-01-12 07:12:26', '0000-00-00 00:00:00'),
('K063', 4, 'dbscan', '2017-01-12 07:22:20', '0000-00-00 00:00:00'),
('K064', 3, 'dbscan', '2017-01-12 07:22:19', '0000-00-00 00:00:00'),
('K064', 3, 'som', '2017-01-12 07:12:27', '0000-00-00 00:00:00'),
('K065', 3, 'dbscan', '2017-01-12 07:22:19', '0000-00-00 00:00:00'),
('K065', 3, 'som', '2017-01-12 07:12:27', '0000-00-00 00:00:00'),
('K066', 3, 'dbscan', '2017-01-12 07:22:19', '0000-00-00 00:00:00'),
('K066', 3, 'som', '2017-01-12 07:12:27', '0000-00-00 00:00:00'),
('K067', 3, 'dbscan', '2017-01-12 07:22:19', '0000-00-00 00:00:00'),
('K067', 3, 'som', '2017-01-12 07:12:27', '0000-00-00 00:00:00'),
('K068', 3, 'dbscan', '2017-01-12 07:22:19', '0000-00-00 00:00:00'),
('K068', 3, 'som', '2017-01-12 07:12:27', '0000-00-00 00:00:00'),
('K069', 3, 'dbscan', '2017-01-12 07:22:19', '0000-00-00 00:00:00'),
('K069', 3, 'som', '2017-01-12 07:12:27', '0000-00-00 00:00:00'),
('K070', 3, 'dbscan', '2017-01-12 07:22:19', '0000-00-00 00:00:00'),
('K070', 3, 'som', '2017-01-12 07:12:27', '0000-00-00 00:00:00');

-- --------------------------------------------------------

--
-- Table structure for table `penyakit`
--

CREATE TABLE `penyakit` (
  `kode_penyakit` varchar(5) NOT NULL,
  `nama_penyakit` varchar(100) NOT NULL,
  `created_at` datetime NOT NULL,
  `updated_at` datetime NOT NULL
) ENGINE=InnoDB DEFAULT CHARSET=latin1;

--
-- Dumping data for table `penyakit`
--

INSERT INTO `penyakit` (`kode_penyakit`, `nama_penyakit`, `created_at`, `updated_at`) VALUES
('P001', 'Kwashiorkor', '2016-08-17 11:26:20', '0000-00-00 00:00:00'),
('P002', 'Marasmus', '2016-08-17 11:26:36', '0000-00-00 00:00:00'),
('P003', 'Marasmus-Kwashiorkor ', '2016-08-17 11:26:50', '0000-00-00 00:00:00');

-- --------------------------------------------------------

--
-- Table structure for table `pusat_klaster`
--

CREATE TABLE `pusat_klaster` (
  `klaster` int(11) NOT NULL,
  `metode` varchar(10) NOT NULL,
  `atribut` varchar(20) NOT NULL,
  `no` int(11) NOT NULL,
  `bobot` float NOT NULL,
  `created_at` datetime NOT NULL,
  `updated_at` datetime NOT NULL
) ENGINE=InnoDB DEFAULT CHARSET=latin1;

--
-- Dumping data for table `pusat_klaster`
--

INSERT INTO `pusat_klaster` (`klaster`, `metode`, `atribut`, `no`, `bobot`, `created_at`, `updated_at`) VALUES
(0, 'dbscan', 'G001', 2, 0, '2017-01-12 07:22:21', '0000-00-00 00:00:00'),
(0, 'dbscan', 'G002', 3, 0, '2017-01-12 07:22:21', '0000-00-00 00:00:00'),
(0, 'dbscan', 'G003', 4, 0, '2017-01-12 07:22:21', '0000-00-00 00:00:00'),
(0, 'dbscan', 'G004', 5, 0, '2017-01-12 07:22:21', '0000-00-00 00:00:00'),
(0, 'dbscan', 'G005', 6, 0, '2017-01-12 07:22:21', '0000-00-00 00:00:00'),
(0, 'dbscan', 'G006', 7, 0.15, '2017-01-12 07:22:22', '0000-00-00 00:00:00'),
(0, 'dbscan', 'G007', 8, 0, '2017-01-12 07:22:22', '0000-00-00 00:00:00'),
(0, 'dbscan', 'G008', 9, 0, '2017-01-12 07:22:22', '0000-00-00 00:00:00'),
(0, 'dbscan', 'G009', 10, 0.4, '2017-01-12 07:22:22', '0000-00-00 00:00:00'),
(0, 'dbscan', 'G010', 11, 0.35, '2017-01-12 07:22:22', '0000-00-00 00:00:00'),
(0, 'dbscan', 'G011', 12, 0.4, '2017-01-12 07:22:22', '0000-00-00 00:00:00'),
(0, 'dbscan', 'G012', 13, 0.35, '2017-01-12 07:22:22', '0000-00-00 00:00:00'),
(0, 'dbscan', 'G013', 14, 0.35, '2017-01-12 07:22:22', '0000-00-00 00:00:00'),
(0, 'dbscan', 'G014', 15, 0, '2017-01-12 07:22:22', '0000-00-00 00:00:00'),
(0, 'dbscan', 'G015', 16, 0, '2017-01-12 07:22:22', '0000-00-00 00:00:00'),
(0, 'dbscan', 'G016', 17, 0.15, '2017-01-12 07:22:22', '0000-00-00 00:00:00'),
(0, 'dbscan', 'G017', 18, 0.15, '2017-01-12 07:22:22', '0000-00-00 00:00:00'),
(0, 'dbscan', 'G018', 19, 0.1, '2017-01-12 07:22:22', '0000-00-00 00:00:00'),
(0, 'dbscan', 'G019', 20, 0, '2017-01-12 07:22:22', '0000-00-00 00:00:00'),
(0, 'dbscan', 'G020', 21, 0.5, '2017-01-12 07:22:22', '0000-00-00 00:00:00'),
(0, 'dbscan', 'G021', 22, 0.5, '2017-01-12 07:22:22', '0000-00-00 00:00:00'),
(0, 'dbscan', 'usia', 1, 0.275, '2017-01-12 07:22:21', '0000-00-00 00:00:00'),
(1, 'dbscan', 'G001', 2, 0.0652174, '2017-01-12 07:22:16', '0000-00-00 00:00:00'),
(1, 'dbscan', 'G002', 3, 0.173913, '2017-01-12 07:22:16', '0000-00-00 00:00:00'),
(1, 'dbscan', 'G003', 4, 0.0434783, '2017-01-12 07:22:16', '0000-00-00 00:00:00'),
(1, 'dbscan', 'G004', 5, 0.0869565, '2017-01-12 07:22:16', '0000-00-00 00:00:00'),
(1, 'dbscan', 'G005', 6, 0.0608696, '2017-01-12 07:22:16', '0000-00-00 00:00:00'),
(1, 'dbscan', 'G006', 7, 0.026087, '2017-01-12 07:22:16', '0000-00-00 00:00:00'),
(1, 'dbscan', 'G007', 8, 0.0173913, '2017-01-12 07:22:16', '0000-00-00 00:00:00'),
(1, 'dbscan', 'G008', 9, 0.0434783, '2017-01-12 07:22:16', '0000-00-00 00:00:00'),
(1, 'dbscan', 'G009', 10, 0.121739, '2017-01-12 07:22:16', '0000-00-00 00:00:00'),
(1, 'dbscan', 'G010', 11, 0, '2017-01-12 07:22:16', '0000-00-00 00:00:00'),
(1, 'dbscan', 'G011', 12, 0.173913, '2017-01-12 07:22:16', '0000-00-00 00:00:00'),
(1, 'dbscan', 'G012', 13, 0.026087, '2017-01-12 07:22:16', '0000-00-00 00:00:00'),
(1, 'dbscan', 'G013', 14, 0.156522, '2017-01-12 07:22:16', '0000-00-00 00:00:00'),
(1, 'dbscan', 'G014', 15, 0.0434783, '2017-01-12 07:22:16', '0000-00-00 00:00:00'),
(1, 'dbscan', 'G015', 16, 0.0130435, '2017-01-12 07:22:16', '0000-00-00 00:00:00'),
(1, 'dbscan', 'G016', 17, 0.0913043, '2017-01-12 07:22:16', '0000-00-00 00:00:00'),
(1, 'dbscan', 'G017', 18, 0.0391304, '2017-01-12 07:22:16', '0000-00-00 00:00:00'),
(1, 'dbscan', 'G018', 19, 0.0173913, '2017-01-12 07:22:16', '0000-00-00 00:00:00'),
(1, 'dbscan', 'G019', 20, 1, '2017-01-12 07:22:16', '0000-00-00 00:00:00'),
(1, 'dbscan', 'G020', 21, 0, '2017-01-12 07:22:16', '0000-00-00 00:00:00'),
(1, 'dbscan', 'G021', 22, 1, '2017-01-12 07:22:16', '0000-00-00 00:00:00'),
(1, 'dbscan', 'usia', 1, 0.410145, '2017-01-12 07:22:16', '0000-00-00 00:00:00'),
(1, 'som', 'G001', 2, 0.000648451, '2017-01-12 07:12:21', '0000-00-00 00:00:00'),
(1, 'som', 'G002', 3, 0, '2017-01-12 07:12:21', '0000-00-00 00:00:00'),
(1, 'som', 'G003', 4, 0, '2017-01-12 07:12:21', '0000-00-00 00:00:00'),
(1, 'som', 'G004', 5, 0.000648451, '2017-01-12 07:12:22', '0000-00-00 00:00:00'),
(1, 'som', 'G005', 6, 0.00384647, '2017-01-12 07:12:22', '0000-00-00 00:00:00'),
(1, 'som', 'G006', 7, 0, '2017-01-12 07:12:22', '0000-00-00 00:00:00'),
(1, 'som', 'G007', 8, 0.000258473, '2017-01-12 07:12:22', '0000-00-00 00:00:00'),
(1, 'som', 'G008', 9, 0.0869351, '2017-01-12 07:12:22', '0000-00-00 00:00:00'),
(1, 'som', 'G009', 10, 0.106813, '2017-01-12 07:12:22', '0000-00-00 00:00:00'),
(1, 'som', 'G010', 11, 0.0125551, '2017-01-12 07:12:22', '0000-00-00 00:00:00'),
(1, 'som', 'G011', 12, 0.135585, '2017-01-12 07:12:22', '0000-00-00 00:00:00'),
(1, 'som', 'G012', 13, 0.0316437, '2017-01-12 07:12:22', '0000-00-00 00:00:00'),
(1, 'som', 'G013', 14, 0.502826, '2017-01-12 07:12:22', '0000-00-00 00:00:00'),
(1, 'som', 'G014', 15, 0.0989295, '2017-01-12 07:12:22', '0000-00-00 00:00:00'),
(1, 'som', 'G015', 16, 0.0507972, '2017-01-12 07:12:22', '0000-00-00 00:00:00'),
(1, 'som', 'G016', 17, 0.0240794, '2017-01-12 07:12:22', '0000-00-00 00:00:00'),
(1, 'som', 'G017', 18, 0.121232, '2017-01-12 07:12:22', '0000-00-00 00:00:00'),
(1, 'som', 'G018', 19, 0.048666, '2017-01-12 07:12:22', '0000-00-00 00:00:00'),
(1, 'som', 'G019', 20, 0.00388617, '2017-01-12 07:12:22', '0000-00-00 00:00:00'),
(1, 'som', 'G020', 21, 0, '2017-01-12 07:12:23', '0000-00-00 00:00:00'),
(1, 'som', 'G021', 22, 1, '2017-01-12 07:12:23', '0000-00-00 00:00:00'),
(1, 'som', 'usia', 1, 0.184278, '2017-01-12 07:12:21', '0000-00-00 00:00:00'),
(2, 'dbscan', 'G001', 2, 0, '2017-01-12 07:22:18', '0000-00-00 00:00:00'),
(2, 'dbscan', 'G002', 3, 0, '2017-01-12 07:22:18', '0000-00-00 00:00:00'),
(2, 'dbscan', 'G003', 4, 0, '2017-01-12 07:22:18', '0000-00-00 00:00:00'),
(2, 'dbscan', 'G004', 5, 0, '2017-01-12 07:22:18', '0000-00-00 00:00:00'),
(2, 'dbscan', 'G005', 6, 0.00357143, '2017-01-12 07:22:18', '0000-00-00 00:00:00'),
(2, 'dbscan', 'G006', 7, 0, '2017-01-12 07:22:18', '0000-00-00 00:00:00'),
(2, 'dbscan', 'G007', 8, 0, '2017-01-12 07:22:18', '0000-00-00 00:00:00'),
(2, 'dbscan', 'G008', 9, 0.0535714, '2017-01-12 07:22:18', '0000-00-00 00:00:00'),
(2, 'dbscan', 'G009', 10, 0.114286, '2017-01-12 07:22:18', '0000-00-00 00:00:00'),
(2, 'dbscan', 'G010', 11, 0, '2017-01-12 07:22:18', '0000-00-00 00:00:00'),
(2, 'dbscan', 'G011', 12, 0.142857, '2017-01-12 07:22:18', '0000-00-00 00:00:00'),
(2, 'dbscan', 'G012', 13, 0.025, '2017-01-12 07:22:18', '0000-00-00 00:00:00'),
(2, 'dbscan', 'G013', 14, 0.45, '2017-01-12 07:22:18', '0000-00-00 00:00:00'),
(2, 'dbscan', 'G014', 15, 0.107143, '2017-01-12 07:22:18', '0000-00-00 00:00:00'),
(2, 'dbscan', 'G015', 16, 0.0428571, '2017-01-12 07:22:18', '0000-00-00 00:00:00'),
(2, 'dbscan', 'G016', 17, 0.0214286, '2017-01-12 07:22:18', '0000-00-00 00:00:00'),
(2, 'dbscan', 'G017', 18, 0.117857, '2017-01-12 07:22:19', '0000-00-00 00:00:00'),
(2, 'dbscan', 'G018', 19, 0.05, '2017-01-12 07:22:19', '0000-00-00 00:00:00'),
(2, 'dbscan', 'G019', 20, 0, '2017-01-12 07:22:19', '0000-00-00 00:00:00'),
(2, 'dbscan', 'G020', 21, 0, '2017-01-12 07:22:19', '0000-00-00 00:00:00'),
(2, 'dbscan', 'G021', 22, 1, '2017-01-12 07:22:19', '0000-00-00 00:00:00'),
(2, 'dbscan', 'usia', 1, 0.183929, '2017-01-12 07:22:18', '0000-00-00 00:00:00'),
(2, 'som', 'G001', 2, 0.0708966, '2017-01-12 07:12:24', '0000-00-00 00:00:00'),
(2, 'som', 'G002', 3, 0.179748, '2017-01-12 07:12:25', '0000-00-00 00:00:00'),
(2, 'som', 'G003', 4, 0.0289355, '2017-01-12 07:12:25', '0000-00-00 00:00:00'),
(2, 'som', 'G004', 5, 0.105696, '2017-01-12 07:12:25', '0000-00-00 00:00:00'),
(2, 'som', 'G005', 6, 0.049906, '2017-01-12 07:12:25', '0000-00-00 00:00:00'),
(2, 'som', 'G006', 7, 0.0215325, '2017-01-12 07:12:25', '0000-00-00 00:00:00'),
(2, 'som', 'G007', 8, 0.00894578, '2017-01-12 07:12:25', '0000-00-00 00:00:00'),
(2, 'som', 'G008', 9, 0.0242905, '2017-01-12 07:12:25', '0000-00-00 00:00:00'),
(2, 'som', 'G009', 10, 0.0857784, '2017-01-12 07:12:25', '0000-00-00 00:00:00'),
(2, 'som', 'G010', 11, 0, '2017-01-12 07:12:25', '0000-00-00 00:00:00'),
(2, 'som', 'G011', 12, 0.147372, '2017-01-12 07:12:25', '0000-00-00 00:00:00'),
(2, 'som', 'G012', 13, 0.0134187, '2017-01-12 07:12:25', '0000-00-00 00:00:00'),
(2, 'som', 'G013', 14, 0.188326, '2017-01-12 07:12:25', '0000-00-00 00:00:00'),
(2, 'som', 'G014', 15, 0.0492291, '2017-01-12 07:12:25', '0000-00-00 00:00:00'),
(2, 'som', 'G015', 16, 0.007863, '2017-01-12 07:12:25', '0000-00-00 00:00:00'),
(2, 'som', 'G016', 17, 0.0886042, '2017-01-12 07:12:26', '0000-00-00 00:00:00'),
(2, 'som', 'G017', 18, 0.0540952, '2017-01-12 07:12:26', '0000-00-00 00:00:00'),
(2, 'som', 'G018', 19, 0.0127292, '2017-01-12 07:12:26', '0000-00-00 00:00:00'),
(2, 'som', 'G019', 20, 1, '2017-01-12 07:12:26', '0000-00-00 00:00:00'),
(2, 'som', 'G020', 21, 0, '2017-01-12 07:12:26', '0000-00-00 00:00:00'),
(2, 'som', 'G021', 22, 1, '2017-01-12 07:12:26', '0000-00-00 00:00:00'),
(2, 'som', 'usia', 1, 0.3973, '2017-01-12 07:12:24', '0000-00-00 00:00:00'),
(3, 'dbscan', 'G001', 2, 0.35, '2017-01-12 07:22:19', '0000-00-00 00:00:00'),
(3, 'dbscan', 'G002', 3, 0.05, '2017-01-12 07:22:19', '0000-00-00 00:00:00'),
(3, 'dbscan', 'G003', 4, 0.133333, '2017-01-12 07:22:19', '0000-00-00 00:00:00'),
(3, 'dbscan', 'G004', 5, 0, '2017-01-12 07:22:19', '0000-00-00 00:00:00'),
(3, 'dbscan', 'G005', 6, 0.0666667, '2017-01-12 07:22:19', '0000-00-00 00:00:00'),
(3, 'dbscan', 'G006', 7, 0.025, '2017-01-12 07:22:19', '0000-00-00 00:00:00'),
(3, 'dbscan', 'G007', 8, 0.0333333, '2017-01-12 07:22:19', '0000-00-00 00:00:00'),
(3, 'dbscan', 'G008', 9, 0, '2017-01-12 07:22:19', '0000-00-00 00:00:00'),
(3, 'dbscan', 'G009', 10, 0, '2017-01-12 07:22:20', '0000-00-00 00:00:00'),
(3, 'dbscan', 'G010', 11, 0, '2017-01-12 07:22:20', '0000-00-00 00:00:00'),
(3, 'dbscan', 'G011', 12, 0, '2017-01-12 07:22:20', '0000-00-00 00:00:00'),
(3, 'dbscan', 'G012', 13, 0, '2017-01-12 07:22:20', '0000-00-00 00:00:00'),
(3, 'dbscan', 'G013', 14, 0, '2017-01-12 07:22:20', '0000-00-00 00:00:00'),
(3, 'dbscan', 'G014', 15, 0, '2017-01-12 07:22:20', '0000-00-00 00:00:00'),
(3, 'dbscan', 'G015', 16, 0, '2017-01-12 07:22:20', '0000-00-00 00:00:00'),
(3, 'dbscan', 'G016', 17, 0.075, '2017-01-12 07:22:20', '0000-00-00 00:00:00'),
(3, 'dbscan', 'G017', 18, 0.0166667, '2017-01-12 07:22:20', '0000-00-00 00:00:00'),
(3, 'dbscan', 'G018', 19, 0.0666667, '2017-01-12 07:22:20', '0000-00-00 00:00:00'),
(3, 'dbscan', 'G019', 20, 1, '2017-01-12 07:22:20', '0000-00-00 00:00:00'),
(3, 'dbscan', 'G020', 21, 1, '2017-01-12 07:22:20', '0000-00-00 00:00:00'),
(3, 'dbscan', 'G021', 22, 0, '2017-01-12 07:22:20', '0000-00-00 00:00:00'),
(3, 'dbscan', 'usia', 1, 0.447222, '2017-01-12 07:22:19', '0000-00-00 00:00:00'),
(3, 'som', 'G001', 2, 0.347005, '2017-01-12 07:12:27', '0000-00-00 00:00:00'),
(3, 'som', 'G002', 3, 0.0442379, '2017-01-12 07:12:27', '0000-00-00 00:00:00'),
(3, 'som', 'G003', 4, 0.069541, '2017-01-12 07:12:27', '0000-00-00 00:00:00'),
(3, 'som', 'G004', 5, 0.14449, '2017-01-12 07:12:27', '0000-00-00 00:00:00'),
(3, 'som', 'G005', 6, 0.232993, '2017-01-12 07:12:27', '0000-00-00 00:00:00'),
(3, 'som', 'G006', 7, 0.0365212, '2017-01-12 07:12:27', '0000-00-00 00:00:00'),
(3, 'som', 'G007', 8, 0.0139844, '2017-01-12 07:12:27', '0000-00-00 00:00:00'),
(3, 'som', 'G008', 9, 0, '2017-01-12 07:12:27', '0000-00-00 00:00:00'),
(3, 'som', 'G009', 10, 0, '2017-01-12 07:12:27', '0000-00-00 00:00:00'),
(3, 'som', 'G010', 11, 0, '2017-01-12 07:12:27', '0000-00-00 00:00:00'),
(3, 'som', 'G011', 12, 0, '2017-01-12 07:12:27', '0000-00-00 00:00:00'),
(3, 'som', 'G012', 13, 0, '2017-01-12 07:12:28', '0000-00-00 00:00:00'),
(3, 'som', 'G013', 14, 0, '2017-01-12 07:12:28', '0000-00-00 00:00:00'),
(3, 'som', 'G014', 15, 0, '2017-01-12 07:12:28', '0000-00-00 00:00:00'),
(3, 'som', 'G015', 16, 0, '2017-01-12 07:12:28', '0000-00-00 00:00:00'),
(3, 'som', 'G016', 17, 0.0638241, '2017-01-12 07:12:28', '0000-00-00 00:00:00'),
(3, 'som', 'G017', 18, 0.017056, '2017-01-12 07:12:28', '0000-00-00 00:00:00'),
(3, 'som', 'G018', 19, 0.085112, '2017-01-12 07:12:28', '0000-00-00 00:00:00'),
(3, 'som', 'G019', 20, 0.961692, '2017-01-12 07:12:28', '0000-00-00 00:00:00'),
(3, 'som', 'G020', 21, 1, '2017-01-12 07:12:28', '0000-00-00 00:00:00'),
(3, 'som', 'G021', 22, 0, '2017-01-12 07:12:28', '0000-00-00 00:00:00'),
(3, 'som', 'usia', 1, 0.423153, '2017-01-12 07:12:27', '0000-00-00 00:00:00'),
(4, 'dbscan', 'G001', 2, 0.28, '2017-01-12 07:22:20', '0000-00-00 00:00:00'),
(4, 'dbscan', 'G002', 3, 0.12, '2017-01-12 07:22:20', '0000-00-00 00:00:00'),
(4, 'dbscan', 'G003', 4, 0, '2017-01-12 07:22:20', '0000-00-00 00:00:00'),
(4, 'dbscan', 'G004', 5, 0.56, '2017-01-12 07:22:20', '0000-00-00 00:00:00'),
(4, 'dbscan', 'G005', 6, 0.8, '2017-01-12 07:22:20', '0000-00-00 00:00:00'),
(4, 'dbscan', 'G006', 7, 0.06, '2017-01-12 07:22:20', '0000-00-00 00:00:00'),
(4, 'dbscan', 'G007', 8, 0, '2017-01-12 07:22:20', '0000-00-00 00:00:00'),
(4, 'dbscan', 'G008', 9, 0, '2017-01-12 07:22:20', '0000-00-00 00:00:00'),
(4, 'dbscan', 'G009', 10, 0, '2017-01-12 07:22:21', '0000-00-00 00:00:00'),
(4, 'dbscan', 'G010', 11, 0, '2017-01-12 07:22:21', '0000-00-00 00:00:00'),
(4, 'dbscan', 'G011', 12, 0, '2017-01-12 07:22:21', '0000-00-00 00:00:00'),
(4, 'dbscan', 'G012', 13, 0, '2017-01-12 07:22:21', '0000-00-00 00:00:00'),
(4, 'dbscan', 'G013', 14, 0, '2017-01-12 07:22:21', '0000-00-00 00:00:00'),
(4, 'dbscan', 'G014', 15, 0, '2017-01-12 07:22:21', '0000-00-00 00:00:00'),
(4, 'dbscan', 'G015', 16, 0, '2017-01-12 07:22:21', '0000-00-00 00:00:00'),
(4, 'dbscan', 'G016', 17, 0.06, '2017-01-12 07:22:21', '0000-00-00 00:00:00'),
(4, 'dbscan', 'G017', 18, 0, '2017-01-12 07:22:21', '0000-00-00 00:00:00'),
(4, 'dbscan', 'G018', 19, 0.12, '2017-01-12 07:22:21', '0000-00-00 00:00:00'),
(4, 'dbscan', 'G019', 20, 1, '2017-01-12 07:22:21', '0000-00-00 00:00:00'),
(4, 'dbscan', 'G020', 21, 1, '2017-01-12 07:22:21', '0000-00-00 00:00:00'),
(4, 'dbscan', 'G021', 22, 0, '2017-01-12 07:22:21', '0000-00-00 00:00:00'),
(4, 'dbscan', 'usia', 1, 0.283333, '2017-01-12 07:22:20', '0000-00-00 00:00:00');

-- --------------------------------------------------------

--
-- Table structure for table `users`
--

CREATE TABLE `users` (
  `id` bigint(20) UNSIGNED NOT NULL,
  `username` varchar(32) NOT NULL,
  `name` varchar(100) NOT NULL,
  `email` varchar(50) NOT NULL,
  `password` varchar(32) NOT NULL,
  `created_at` datetime NOT NULL,
  `updated_at` datetime NOT NULL,
  `level` enum('administrator','pakar','paramedis') NOT NULL DEFAULT 'paramedis',
  `status` tinyint(1) NOT NULL DEFAULT '0'
) ENGINE=InnoDB DEFAULT CHARSET=latin1;

--
-- Dumping data for table `users`
--

INSERT INTO `users` (`id`, `username`, `name`, `email`, `password`, `created_at`, `updated_at`, `level`, `status`) VALUES
(1, 'admin', 'Administrator', 'support@herdiesel-santoso.com', 'admin', '2013-11-12 04:00:00', '2016-03-21 22:53:42', 'administrator', 1),
(2, 'pakar', 'Pakar', 'pakar@yahoo.com', 'pakar', '2016-03-27 14:44:08', '2016-03-27 14:44:43', 'pakar', 1),
(3, 'paramedis', 'Paramedis', 'paramedis@gmail.com', 'paramedis', '2016-10-13 20:15:37', '0000-00-00 00:00:00', 'paramedis', 1);

-- --------------------------------------------------------

--
-- Table structure for table `weights_som`
--

CREATE TABLE `weights_som` (
  `id` int(10) NOT NULL,
  `jk` int(11) NOT NULL,
  `umur` float NOT NULL,
  `g1` float NOT NULL,
  `g2` float NOT NULL,
  `g3` float NOT NULL,
  `g4` float NOT NULL,
  `g5` float NOT NULL,
  `g6` float NOT NULL,
  `g7` float NOT NULL,
  `g8` float NOT NULL,
  `g9` float NOT NULL,
  `g10` float NOT NULL,
  `g11` float NOT NULL,
  `g12` float NOT NULL,
  `g13` float NOT NULL,
  `g14` float NOT NULL,
  `g15` float NOT NULL,
  `g16` float NOT NULL,
  `g17` float NOT NULL,
  `g18` float NOT NULL,
  `g19` float NOT NULL,
  `g20` float NOT NULL,
  `g21` float NOT NULL,
  `g22` float NOT NULL,
  `g23` float NOT NULL,
  `g24` float NOT NULL,
  `g25` float NOT NULL,
  `g26` float NOT NULL,
  `g27` float NOT NULL,
  `g28` float NOT NULL,
  `g29` float NOT NULL,
  `g30` float NOT NULL,
  `g31` float NOT NULL,
  `g32` float NOT NULL,
  `g33` float NOT NULL,
  `g34` float NOT NULL,
  `g35` float NOT NULL,
  `g36` float NOT NULL,
  `g37` float NOT NULL,
  `g38` float NOT NULL,
  `g39` float NOT NULL,
  `g40` float NOT NULL,
  `g41` float NOT NULL,
  `g42` float NOT NULL,
  `g43` float NOT NULL,
  `g44` float NOT NULL,
  `g45` float NOT NULL,
  `r1` float NOT NULL,
  `r2` float NOT NULL,
  `r3` float NOT NULL,
  `r4` float NOT NULL,
  `r5` float NOT NULL,
  `r6` float NOT NULL,
  `r7` float NOT NULL,
  `r8` float NOT NULL,
  `r9` float NOT NULL,
  `r10` float NOT NULL,
  `cluster` int(11) NOT NULL,
  `created_at` datetime DEFAULT NULL,
  `updated_at` datetime DEFAULT NULL
) ENGINE=InnoDB DEFAULT CHARSET=latin1;

--
-- Indexes for dumped tables
--

--
-- Indexes for table `basis_kasus`
--
ALTER TABLE `basis_kasus`
  ADD PRIMARY KEY (`kode_kasus`);

--
-- Indexes for table `bobot_gejala`
--
ALTER TABLE `bobot_gejala`
  ADD PRIMARY KEY (`kode_gejala`,`kode_penyakit`);

--
-- Indexes for table `diagnosis`
--
ALTER TABLE `diagnosis`
  ADD PRIMARY KEY (`kode_kasus`);

--
-- Indexes for table `diagnosis_detail`
--
ALTER TABLE `diagnosis_detail`
  ADD PRIMARY KEY (`kode_kasus`,`kode_gejala`);

--
-- Indexes for table `gejala`
--
ALTER TABLE `gejala`
  ADD PRIMARY KEY (`kode_gejala`);

--
-- Indexes for table `inisiasi_klaster`
--
ALTER TABLE `inisiasi_klaster`
  ADD PRIMARY KEY (`id`);

--
-- Indexes for table `kasus_detail`
--
ALTER TABLE `kasus_detail`
  ADD PRIMARY KEY (`kode_kasus`,`kode_gejala`);

--
-- Indexes for table `klaster`
--
ALTER TABLE `klaster`
  ADD PRIMARY KEY (`kode_kasus`,`klaster`,`metode`);

--
-- Indexes for table `penyakit`
--
ALTER TABLE `penyakit`
  ADD PRIMARY KEY (`kode_penyakit`);

--
-- Indexes for table `pusat_klaster`
--
ALTER TABLE `pusat_klaster`
  ADD PRIMARY KEY (`klaster`,`metode`,`atribut`);

--
-- Indexes for table `users`
--
ALTER TABLE `users`
  ADD PRIMARY KEY (`id`),
  ADD UNIQUE KEY `username` (`username`),
  ADD UNIQUE KEY `username_2` (`username`);

--
-- Indexes for table `weights_som`
--
ALTER TABLE `weights_som`
  ADD PRIMARY KEY (`id`);

--
-- AUTO_INCREMENT for dumped tables
--

--
-- AUTO_INCREMENT for table `inisiasi_klaster`
--
ALTER TABLE `inisiasi_klaster`
  MODIFY `id` int(11) NOT NULL AUTO_INCREMENT, AUTO_INCREMENT=3;
--
-- AUTO_INCREMENT for table `users`
--
ALTER TABLE `users`
  MODIFY `id` bigint(20) UNSIGNED NOT NULL AUTO_INCREMENT, AUTO_INCREMENT=4;
/*!40101 SET CHARACTER_SET_CLIENT=@OLD_CHARACTER_SET_CLIENT */;
/*!40101 SET CHARACTER_SET_RESULTS=@OLD_CHARACTER_SET_RESULTS */;
/*!40101 SET COLLATION_CONNECTION=@OLD_COLLATION_CONNECTION */;
